source,scraped_at,title,description,price,price_raw,city,district,ward,address,property_size,property_size_raw,property_type,bedrooms,bathrooms,amenities,currency,listing_id,crawl_status,listing_url
batdongsan.com.vn,2026-04-23T11:29:15Z,"Duy nhất lô góc 100m2 sát Quốc lộ 21 chỉ 300m, gần hoa thị Hòa Lạc chỉ 5p đi xe sẵn sổ công chứng",N/A,"3,5 tỷ","3,5 tỷ",N/A,N/A,N/A,N/A,100 m2,100 m2,Land,N/A,N/A,,VND,45598304,ok,https://batdongsan.com.vn/ban-dat-xa-phu-cat-1/duy-nhat-lo-goc-100m2-sat-quoc-lo-21-chi-300m-gan-hoa-thi-hoa-lac-chi-5p-i-xe-san-so-cong-chung-pr45598304
batdongsan.com.vn,2026-04-23T11:36:25Z,Cập nhật liên tục quỹ căn biệt thự Ciputra mới nhất - giá tốt nhất thị trường tháng 4 /2026,N/A,310 triệu,310 triệu,N/A,N/A,N/A,N/A,230 m²,230 m²,N/A,N/A,N/A,,VND,45569004,ok,https://batdongsan.com.vn/ban-nha-biet-thu-lien-ke-phuong-phu-thuong-1-khu-do-thi-nam-thang-long-ciputra/cap-nhat-tuc-quy-can-moi-nhat-gia-tot-nhat-truong-4-2026-pr45569004
batdongsan.com.vn,2026-04-23T12:21:42Z,"Cần bán gấp 2 căn hộ 2 phòng ngủ và 3 phòng ngủ tại chung cư dcapital,Trần Duy Hưng, giá 121.6tr/m2",N/A,9 tỷ,9 tỷ,N/A,N/A,N/A,N/A,74 m²,74 m²,Apartment,2,N/A,,VND,45615966,ok,https://batdongsan.com.vn/ban-can-ho-chung-cu-duong-tran-duy-hung-phuong-trung-hoa-4-vinhomes-d-capitale/ban-gap-2-2-phong-ngu-va-3-phong-ngu-tai-dcapital-gia-121-6tr-m2-pr45615966
batdongsan.com.vn,2026-04-23T12:27:09Z,"Cần bán gấp 2 căn hộ 2 phòng ngủ và 3 phòng ngủ tại chung cư dcapital,Trần Duy Hưng, giá 121.6tr/m2",N/A,9 tỷ,9 tỷ,N/A,N/A,N/A,N/A,74 m²,74 m²,Apartment,2,N/A,,VND,45615966,ok,https://batdongsan.com.vn/ban-can-ho-chung-cu-duong-tran-duy-hung-phuong-trung-hoa-4-vinhomes-d-capitale/ban-gap-2-2-phong-ngu-va-3-phong-ngu-tai-dcapital-gia-121-6tr-m2-pr45615966
batdongsan.com.vn,2026-04-23T12:28:56Z,"Cần bán gấp 2 căn hộ 2 phòng ngủ và 3 phòng ngủ tại chung cư dcapital,Trần Duy Hưng, giá 121.6tr/m2",N/A,9 tỷ,9 tỷ,N/A,N/A,N/A,N/A,74 m²,74 m²,Apartment,2,N/A,,VND,45615966,ok,https://batdongsan.com.vn/ban-can-ho-chung-cu-duong-tran-duy-hung-phuong-trung-hoa-4-vinhomes-d-capitale/ban-gap-2-2-phong-ngu-va-3-phong-ngu-tai-dcapital-gia-121-6tr-m2-pr45615966
batdongsan.com.vn,2026-04-23T12:38:43Z,"Nhà Nguyễn Văn Huyên 46m2*6T xây mới, thang máy sịn, ô tô đỗ cửa, ngõ thông, full nội thất, 15.8 tỷ",N/A,15.8 tỷ,15.8 tỷ,N/A,N/A,N/A,N/A,46 m2,46 m2,Private house,N/A,N/A,,VND,45606734,ok,https://batdongsan.com.vn/ban-nha-rieng-duong-nguyen-van-huyen-phuong-nghia-do-1-7/46m2-6t-xay-moi-thang-may-sin-o-to-o-cua-ngo-thong-full-noi-that-15-8-ty-pr45606734
batdongsan.com.vn,2026-04-23T12:38:46Z,"CC bán nhà 5 tầng khu phân lô có vỉa hè rộng 8A ngõ 124 phố Hoàng Ngân hai thoáng, ô tô tránh",N/A,N/A,N/A,N/A,N/A,N/A,N/A,57 m²,57 m²,Private house,N/A,N/A,,VND,45605497,ok,https://batdongsan.com.vn/ban-nha-rieng-duong-hoang-ngan-phuong-trung-hoa-4-7/cc-ban-5-tang-khu-phan-lo-co-via-he-rong-8a-ngo-124-pho-hai-thoang-o-to-tranh-pr45605497
batdongsan.com.vn,2026-04-23T12:38:48Z,Chính chủ bán căn 4 ngủ 154m2 tầng trung The Park Home giá 19.8 tỷ,N/A,19.8 tỷ,19.8 tỷ,N/A,N/A,N/A,N/A,154 m2,154 m2,Apartment,4,N/A,,VND,45491301,ok,https://batdongsan.com.vn/ban-can-ho-chung-cu-duong-thanh-thai-phuong-dich-vong-the-park-home/chinh-chu-ban-4-ngu-154m-tang-trung-gia-19t-pr45491301
batdongsan.com.vn,2026-04-23T12:38:51Z,"Chính chủ bán căn hộ cao cấp tòa Trung Yên 1 - KĐT Trung Yên; 4PN, 3VS",N/A,"11,6 tỷ","11,6 tỷ",N/A,N/A,N/A,N/A,125 m²,125 m²,Apartment,4,N/A,,VND,45137666,ok,https://batdongsan.com.vn/ban-can-ho-chung-cu-phuong-trung-hoa-4-chung-cu-cao-tang-trung-yen-i/chinh-chu-ban-cap-toa-1-kdt-4pn-3vs-pr45137666
batdongsan.com.vn,2026-04-24T14:06:56Z,"Mặt tiền 16m - Building 8 tầng mặt vườn hoa Trần Thái Tông, Duy Tân - KĐT mới Cầu Giấy",N/A,172 tỷ,172 tỷ,N/A,N/A,N/A,N/A,2 M2,2 M2,N/A,N/A,N/A,,VND,44920493,ok,https://batdongsan.com.vn/ban-nha-biet-thu-lien-ke-duong-dich-vong-phuong-yen-hoa-2-khu-do-thi-moi-cau-giay/mat-tien-16m-building-8-tang-mat-vuon-tran-thai-tong-hau-kdt-giay-pr44920493
batdongsan.com.vn,2026-04-24T14:07:00Z,Căn hộ 108.7m2 chỉ 7 tỷ mặt đường Dương Đình Nghệ - Cầu Giấy sẵn 3 ngủ full đồ. LH: 0988 669 ***,N/A,7 tỷ,7 tỷ,N/A,N/A,N/A,N/A,108.7 m2,108.7 m2,Apartment,3,N/A,,VND,45485679,ok,https://batdongsan.com.vn/ban-can-ho-chung-cu-duong-duong-dinh-nghe-phuong-yen-hoa-2-khu-do-thi-yen-hoa/ban-chinh-chu-toa-ct3-inh-120m2-3-phong-ngu-gia-nhinh-7-ty-lh-pr45485679
batdongsan.com.vn,2026-04-24T14:07:05Z,"Trung tâm Hoàng Quốc Việt - lô góc - xây building - 135m2, lô góc, mặt tiền 12m",N/A,"79,8 tỷ","79,8 tỷ",N/A,N/A,N/A,N/A,135 m2,135 m2,Townhouse,N/A,N/A,,VND,45610517,ok,https://batdongsan.com.vn/ban-nha-mat-pho-duong-hoang-quoc-viet-phuong-nghia-do-1-7/trung-tam-lo-goc-xay-building-140m2-lo-goc-tien-12m-pr45610517
batdongsan.com.vn,2026-04-24T14:07:08Z,"Toà CHDV Nguyễn Ngọc Vũ, 66.5m2*7T, MT 5m, 18 phòng KK, ngõ ô tô, đủ GPXD/PCCC, dòng tiền 6%/năm",N/A,"19,9 tỷ","19,9 tỷ",N/A,N/A,N/A,N/A,66.5 m2,66.5 m2,Private house,N/A,N/A,,VND,45515050,ok,https://batdongsan.com.vn/ban-nha-rieng-pho-nguyen-ngoc-vu-phuong-trung-hoa-4-7/toa-chdv-66-5m2-7t-mt-5m-18-phong-kk-ngo-o-to-u-gpxd-pccc-dong-tien-6-nam-pr45515050
batdongsan.com.vn,2026-04-24T14:07:12Z,Phân lô phường Trung Hòa 55m2 - Mặt tiền 5m - ngõ thông ô tô tránh - kinh doanh đỉnh - giá 23.5 tỷ,N/A,23.5 tỷ,23.5 tỷ,N/A,N/A,N/A,N/A,55 m2,55 m2,Private house,2,N/A,,VND,45608177,ok,https://batdongsan.com.vn/ban-nha-rieng-duong-khuat-duy-tien-phuong-trung-hoa-4-7/phan-lo-55m2-mat-5m-ngo-thong-o-to-tranh-kinh-doanh-inh-gia-23-5-ty-pr45608177
batdongsan.com.vn,2026-04-24T14:07:16Z,Bán nhà phân lô Cầu Giấy 35m2 x 5 tầng - ngõ rộng thoáng - 50m ra đường ô tô - giá 9.5 tỷ,N/A,9.5 tỷ,9.5 tỷ,N/A,Hoa 7,N/A,N/A,35 m2,35 m2,Private house,1,N/A,,VND,45608266,ok,https://batdongsan.com.vn/ban-nha-rieng-duong-cau-giay-phuong-quan-hoa-7/ban-phan-lo-35m2-x-5-tang-ngo-rong-thoang-50m-ra-uong-o-to-gia-9-5-ty-pr45608266
batdongsan.com.vn,2026-04-24T14:07:21Z,"Toà CHDV Trung Kính, 75m2*7T, MT 5M, 24 PKK, lô góc, sau QH ra mặt Vành đai 2.5, dòng tiền 7%/năm!",N/A,"29,9 tỷ","29,9 tỷ",N/A,N/A,N/A,N/A,75 m2,75 m2,Private house,N/A,N/A,,VND,45613014,ok,https://batdongsan.com.vn/ban-nha-rieng-pho-trung-kinh-phuong-trung-hoa-4-7/toa-chdv-75m2-7t-mt-5m-24-pkk-lo-goc-sau-qh-ra-mat-vanh-ai-2-5-dong-tien-7-nam-pr45613014
batdongsan.com.vn,2026-04-24T14:07:23Z,"Bán căn hộ chung cư Yên Hòa, Cầu Giấy Hà Nội 92m2 3 ngủ 2WC. Giá 6.9 tỷ",N/A,6.9 tỷ,6.9 tỷ,N/A,N/A,N/A,N/A,92 m2,92 m2,Apartment,N/A,2,,VND,45262424,ok,https://batdongsan.com.vn/ban-can-ho-chung-cu-duong-mac-thai-tong-phuong-yen-hoa-2-khu-do-thi-yen-hoa/ban-cau-giay-ha-noi-92m-3-ngu-2wc-gia-6-9-ty-pr45262424
batdongsan.com.vn,2026-04-24T14:07:28Z,"Nhà đẹp Trần Quý Kiên, Cầu Giấy, DT 38m2, 6 tầng, sổ đỏ, ngõ rộng 8m, full nội thất, nhiều tiện ích",N/A,N/A,N/A,N/A,N/A,N/A,N/A,38 m2,38 m2,Private house,N/A,3,,VND,45530038,ok,https://batdongsan.com.vn/ban-nha-rieng-pho-tran-quy-kien-phuong-dich-vong-7/ep-cau-giay-dt-38m2-6-tang-so-o-ngo-rong-8m-full-noi-that-nhieu-tien-ich-pr45530038
batdongsan.com.vn,2026-04-24T14:07:33Z,"Cần bán gấp căn hộ 3N2WC 112m² tại Thăng Long Number One, giá thương lượng trực tiếp với chủ",N/A,"11,7 tỷ","11,7 tỷ",N/A,N/A,N/A,N/A,112 m²,112 m²,Apartment,N/A,2,,VND,45592095,ok,https://batdongsan.com.vn/ban-can-ho-chung-cu-phuong-trung-hoa-4-thang-long-number-one/ban-gap-3n2wc-112m-tai-gia-thuong-luong-truc-tiep-voi-chu-pr45592095
batdongsan.com.vn,2026-04-24T14:07:38Z,Em Huyền lễ tân được chủ nhà gửi bán căn quỹ căn ngoại giao chung cư Mipec Rubik 360 giá tốt nhất,N/A,7 tỷ,7 tỷ,N/A,N/A,N/A,N/A,2 M2,2 M2,Apartment,N/A,1,,VND,45240142,ok,https://batdongsan.com.vn/ban-can-ho-chung-cu-duong-xuan-thuy-phuong-dich-vong-hau-mipec-rubik-360/em-huyen-le-tan-uoc-chu-nha-gui-ban-quy-2-3pn-gia-tot-nhat-tt-lh-0989379237-pr45240142
batdongsan.com.vn,2026-04-24T14:07:46Z,"Nhà chính chủ 60m2, MT 5m, ngã tư Khuất Duy Tiến-TDH, gần ga Metro, BigC, Vincom,Vinhomes,công viên",N/A,"23,5 tỷ","23,5 tỷ",N/A,N/A,N/A,N/A,60 m2,60 m2,Private house,N/A,1,,VND,45201687,ok,https://batdongsan.com.vn/ban-nha-rieng-duong-khuat-duy-tien-phuong-trung-hoa-4-7/chinh-chu-60m2-mt-5m-nga-tu-tdh-gan-ga-metro-bigc-vincom-vinhomes-cong-vien-pr45201687
batdongsan.com.vn,2026-04-24T14:07:50Z,"Độc quyền quỹ căn đẹp 1PN đến 4PN - Giảm đến 18%, Quà tặng nội thất 500 triệu , Miễn PDV 3 năm",N/A,500 triệu,500 triệu,N/A,N/A,N/A,N/A,2 M2,2 M2,Apartment,2,N/A,,VND,45077962,ok,https://batdongsan.com.vn/ban-can-ho-chung-cu-duong-pham-hung-phuong-dich-vong-hau-sun-feliza-suites/hot-deal-em-nhan-pkd-cdt-san-quy-re-dep-nhat-thi-truong-2pn-4pn-suite-gia-tot-pr45077962
batdongsan.com.vn,2026-04-24T14:07:55Z,"Hàng F0. Dương Khuê, phân lô ô tô, đường 7m, 60m2, 17.9 tỷ, cạnh ĐH Thương Mại",N/A,17.9 tỷ,17.9 tỷ,N/A,N/A,N/A,N/A,60 m2,60 m2,Private house,N/A,N/A,,VND,45621975,ok,https://batdongsan.com.vn/ban-nha-rieng-duong-duong-khue-phuong-mai-dich-7/hang-f0-phan-lo-o-to-uong-7m-60m2-17-9-ty-canh-h-thuong-mai-pr45621975
batdongsan.com.vn,2026-04-24T14:07:59Z,"Căn góc 5 phòng ngủ 160m2, toà F3, view nội khu siêu đẹp, giá 21,5 tỷ, Sun Feliza Cầu Giấy",N/A,"21,5 tỷ","21,5 tỷ",N/A,N/A,N/A,N/A,160 m2,160 m2,Apartment,5,N/A,,VND,45463626,ok,https://batdongsan.com.vn/ban-can-ho-chung-cu-duong-xuan-thuy-phuong-dich-vong-hau-sun-feliza-suites/goc-5-phong-ngu-160m2-toa-f3-view-noi-khu-sieu-ep-gia-21-5-ty-cau-giay-pr45463626
batdongsan.com.vn,2026-04-24T14:08:04Z,"Căn 2PN diện tích 63,6m2, toà F3, view nội khu siêu đẹp, giá 10,1 tỷ, Sun Feliza Cầu Giấy",N/A,"10,1 tỷ","10,1 tỷ",N/A,N/A,N/A,N/A,"63,6 m2","63,6 m2",Apartment,2,N/A,,VND,45619195,ok,https://batdongsan.com.vn/ban-can-ho-chung-cu-duong-xuan-thuy-phuong-dich-vong-hau-sun-feliza-suites/2pn-dien-tich-63-6m2-toa-f3-view-noi-khu-sieu-ep-gia-10-1-ty-cau-giay-pr45619195
batdongsan.com.vn,2026-04-24T14:08:09Z,"Căn 3PN tòa F5, diện tích 104m2, giá 15,2 tỷ, ban công hướng Nam, view thành phố toà Sun Feliza",N/A,"15,2 tỷ","15,2 tỷ",N/A,N/A,N/A,N/A,104 m2,104 m2,Apartment,N/A,N/A,,VND,44826600,ok,https://batdongsan.com.vn/ban-can-ho-chung-cu-duong-xuan-thuy-phuong-dich-vong-hau-sun-feliza-suites/3pn-ban-cong-huong-nam-toa-f5-view-thanh-pho-dien-tich-105m2-gia-15-ty-cau-giay-pr44826600
batdongsan.com.vn,2026-04-24T14:08:13Z,"Chuyển nhượng quỹ căn Mipec Rubik giá tốt từ 2 - 4PN, hỗ trợ vay tới 70% LH: 0339 728 *** (Em Tiến)",N/A,"8,8 tỷ","8,8 tỷ",N/A,N/A,N/A,N/A,2 M2,2 M2,Apartment,N/A,2,,VND,45293207,ok,https://batdongsan.com.vn/ban-can-ho-chung-cu-duong-xuan-thuy-phuong-dich-vong-hau-mipec-rubik-360/chuyen-nhuong-quy-gia-tot-tu-2-4pn-tro-vay-toi-70-lh-0339728888-em-tien-pr45293207
batdongsan.com.vn,2026-04-24T14:08:18Z,"(Rẻ nhất khu vực). Bán CC Mipec Rubik, 13,2 tỷ bao hết phí, 110m2, 3PN2WC, BC hướng Nam (sẵn sổ đỏ)",N/A,"13,2 tỷ","13,2 tỷ",N/A,N/A,N/A,N/A,110 m2,110 m2,Apartment,N/A,2,,VND,44975941,ok,https://batdongsan.com.vn/ban-can-ho-chung-cu-duong-xuan-thuy-phuong-dich-vong-hau-mipec-rubik-360/re-nhat-khu-vuc-ban-cc-14-5-ty-bao-het-phi-110m2-3pn2wc-bc-huong-nam-san-so-do-pr44975941
batdongsan.com.vn,2026-04-24T14:08:23Z,"Siêu hiếm! Xuân Thủy 50m2*2T*3PN gần phố, 3 gác chạy, ko QH, hàng xóm thân thiện, SĐCC, chỉ 8.2 tỷ",N/A,8.2 tỷ,8.2 tỷ,N/A,N/A,N/A,N/A,50 m2,50 m2,Private house,N/A,N/A,,VND,45615836,ok,https://batdongsan.com.vn/ban-nha-rieng-duong-xuan-thuy-phuong-dich-vong-hau-7/sieu-hiem-50m2-2t-3pn-gan-pho-3-gac-chay-ko-qh-hang-xom-than-thien-s-cc-chi-8-2-ty-pr45615836
batdongsan.com.vn,2026-04-24T14:08:27Z,Chính Chủ Cần bán gấp Căn Hộ Chung Cư 154m2 lô góc tòa nhà The Park Home Phố Thành Thái Gía 18.6 tỷ,N/A,18.6 tỷ,18.6 tỷ,N/A,N/A,N/A,N/A,154 m2,154 m2,Apartment,4,3,,VND,45341716,ok,https://batdongsan.com.vn/ban-can-ho-chung-cu-duong-thanh-thai-phuong-dich-vong-the-park-home/chinh-chu-ban-gap-154m2-lo-goc-toa-nha-pho-gia-18-9-ty-pr45341716
batdongsan.com.vn,2026-04-24T14:08:32Z,"Phân lô phố Nguyễn Thị Định - Tring Hoà 81m x 7 tầng TM , đường oto kinh doanh ,mặt tiền rộng 30 tỷ",N/A,30 tỷ,30 tỷ,N/A,N/A,N/A,N/A,2 M2,2 M2,Private house,N/A,N/A,,VND,45615198,ok,https://batdongsan.com.vn/ban-nha-rieng-duong-nguyen-thi-dinh-phuong-trung-hoa-4-7/phan-lo-pho-inh-tring-81m-x-7-tang-tm-uong-oto-kinh-doanh-mat-tien-rong-30-ty-pr45615198
batdongsan.com.vn,2026-04-24T14:08:37Z,"Cập nhập quỹ căn cần bán trong tháng 4 chung cư Mandarin Garden Hoàng Mình Giám, giá rẻ",N/A,N/A,N/A,N/A,N/A,N/A,N/A,168 m²,168 m²,Apartment,N/A,N/A,,VND,45555223,ok,https://batdongsan.com.vn/ban-can-ho-chung-cu-duong-hoang-minh-giam-phuong-trung-hoa-4-mandarin-garden/cap-nhap-quy-can-ban-trong-thang-4-gia-re-pr45555223
batdongsan.com.vn,2026-04-24T14:08:42Z,"Mandarin 130m2, 168m2, 172m2 &amp; Duplex 267m2 hàng thật 100% 0974 681 ***",N/A,N/A,N/A,N/A,N/A,N/A,N/A,130 m2,130 m2,Apartment,N/A,2,,VND,45485269,ok,https://batdongsan.com.vn/ban-can-ho-chung-cu-duong-hoang-minh-giam-phuong-trung-hoa-4-mandarin-garden/130m2-168m2-172m2-duplex-267m2-hang-that-100-pr45485269
batdongsan.com.vn,2026-04-24T14:08:47Z,"NHÀ DÂN XÂY 5 TẦNG, DT 33M, MT 4M, GIÁ 9.5 TỶ NGÕ 155 CẦU GIẤY, ÔTÔ ĐỖ CỬA, SĐCC, MIỄN TRUNG GIAN",N/A,9.5 TỶ,9.5 TỶ,N/A,N/A,N/A,N/A,2 M2,2 M2,Private house,N/A,N/A,,VND,45592363,ok,https://batdongsan.com.vn/ban-nha-rieng-duong-cau-giay-phuong-dich-vong-7/dan-xay-5-tang-dt-33m-mt-4m-gia-9-5-ty-ngo-155-oto-o-cua-s-cc-mien-trung-gian-pr45592363
batdongsan.com.vn,2026-04-24T14:08:52Z,"Siêu phẩm Yên Hoà,toà CHDV 65m2*7t,16 phòng kk,MT4m,DT 70 tr/th,full PCCC,TM,3 thoáng,ngõ sinh viên",N/A,14 tỷ,14 tỷ,N/A,N/A,N/A,N/A,65 m2,65 m2,Private house,N/A,N/A,,VND,45604778,ok,https://batdongsan.com.vn/ban-nha-rieng-duong-ha-yen-quyet-phuong-yen-hoa-2-7/sieu-pham-toa-chdv-65m2-7t-16-phong-kk-mt4m-dt-70-tr-th-full-pccc-tm-3-thoang-ngo-sinh-vien-pr45604778
batdongsan.com.vn,2026-04-24T14:08:56Z,"Căn hộ hàng hiệu Hanoi Signature - sẵn sổ đỏ, vị trí kiêu hãnh TT hành chính mới thủ đô Hà Nội",N/A,200 triệu,200 triệu,N/A,N/A,N/A,N/A,2 M2,2 M2,Apartment,3,3,,VND,45481989,ok,https://batdongsan.com.vn/ban-can-ho-chung-cu-duong-nguyen-van-huyen-phuong-nghia-do-1-hanoi-signature/hang-hieu-san-so-o-vi-tri-kieu-hanh-tt-hanh-chinh-moi-thu-o-ha-noi-pr45481989
batdongsan.com.vn,2026-04-24T14:09:00Z,"CAM KẾT KHÔNG GIÁ ẢO , TIN ẢO - QUỸ CĂN 1-3N+ GIÁ TỐT NHẤT CC SKY PARK RESIDENCE TÔN THẤT THUYẾT",N/A,"10,8 tỷ","10,8 tỷ",N/A,N/A,N/A,N/A,2 M2,2 M2,Apartment,N/A,N/A,,VND,45598128,ok,https://batdongsan.com.vn/ban-can-ho-chung-cu-duong-ton-that-thuyet-phuong-dich-vong-hau-sky-park-residence/cam-ket-khong-gia-ao-tin-ao-quy-1-3n-gia-tot-nhat-cc-thuyet-pr45598128
batdongsan.com.vn,2026-04-24T14:09:05Z,Phân lô quân đội Phạm Tuấn Tài/ Nghĩa Đô- 55m2 x 5 tầng- hơn 20 tỷ- vỉa hè 2.5m- đường ô tô tránh,N/A,20 tỷ,20 tỷ,N/A,Oi O 55M2 X 5 Tang Hon 20 Ty Via He 2 5M Uong O To Tranh Pr45595298,N/A,N/A,55 m2,55 m2,Private house,N/A,N/A,,VND,45595298,ok,https://batdongsan.com.vn/ban-nha-rieng-pho-pham-tuan-tai-phuong-nghia-do-1-7/phan-lo-quan-oi-o-55m2-x-5-tang-hon-20-ty-via-he-2-5m-uong-o-to-tranh-pr45595298
batdongsan.com.vn,2026-04-24T14:09:10Z,"Bán gấp căn hộ 3PN, 2WC, 113m2 tại IPH, view không bị chắn, giá 13,7 tỷ, full nội thất, sẵn sổ đỏ",N/A,"13,7 tỷ","13,7 tỷ",N/A,N/A,N/A,N/A,113 m2,113 m2,Apartment,3,2,,VND,45183301,ok,https://batdongsan.com.vn/ban-can-ho-chung-cu-duong-xuan-thuy-phuong-dich-vong-hau-indochina-plaza-hanoi/ban-gap-3pn-2wc-113m2-tai-ha-noi-gia-tot-nhat-hien-tai-pr45183301
batdongsan.com.vn,2026-04-24T14:09:15Z,"CẦN BÁN NHÀ 5 TẦNG QUẬN CẦU GIẤY NGÕ 42 YÊN HÒA, 7.5 TỶ, DT 30M, LÔ GÓC, NHÀ ĐẸP FULL NỘI THẤT",N/A,7.5 TỶ,7.5 TỶ,N/A,Cau Giay Ngo 42 7 5 Ty Dt 30M Lo Goc Ep Full Noi That Pr45594067,N/A,N/A,2 M2,2 M2,Private house,1,N/A,,VND,45594067,ok,https://batdongsan.com.vn/ban-nha-rieng-phuong-yen-hoa-2/can-ban-5-tang-quan-cau-giay-ngo-42-7-5-ty-dt-30m-lo-goc-ep-full-noi-that-pr45594067
batdongsan.com.vn,2026-04-24T14:09:19Z,"CC CẦN BÁN GẤP CĂN NHÀ 5 TẦNG NGÕ 155 CẦU GIẤY ÔTÔ 4 CHỖ ĐỖ CỬA, DT 30/33M, GIÁ 9,5 TỶ, MT 4M, SĐCC",N/A,"9,5 TỶ","9,5 TỶ",N/A,N/A,N/A,N/A,2 M2,2 M2,Private house,N/A,N/A,,VND,45592277,ok,https://batdongsan.com.vn/ban-nha-rieng-duong-cau-giay-phuong-dich-vong-7/cc-can-ban-gap-can-5-tang-ngo-155-oto-4-cho-o-cua-dt-30-33m-gia-9-5-ty-mt-4m-s-cc-pr45592277
batdongsan.com.vn,2026-04-24T14:09:24Z,"(Chính chủ). Bán gấp căn hộ 2PN - 3PN chung cư Vinhomes D'Capitale, view hồ, giá rẻ nhất",N/A,"8,9 tỷ","8,9 tỷ",N/A,N/A,N/A,N/A,2 M2,2 M2,Apartment,N/A,N/A,,VND,42527084,ok,https://batdongsan.com.vn/ban-can-ho-chung-cu-duong-tran-duy-hung-phuong-trung-hoa-4-vinhomes-d-capitale/chinh-chu-ban-gap-2pn-76m2-va-3pn-90m2-dcapitale-gia-sieu-re-pr42527084
batdongsan.com.vn,2026-04-24T14:09:29Z,"Chuyên mua bán căn hộ tại D'. Capitale với thông tin đầy đủ, chính xác và cập nhật quỹ căn chi tiết",N/A,14 tỷ,14 tỷ,N/A,N/A,N/A,N/A,2 M2,2 M2,Apartment,N/A,1,,VND,45588282,ok,https://batdongsan.com.vn/ban-can-ho-chung-cu-duong-tran-duy-hung-phuong-trung-hoa-4-vinhomes-d-capitale/ban-tai-voi-thong-tin-ay-u-chinh-xac-va-cap-nhat-quy-chi-tiet-pr45588282
batdongsan.com.vn,2026-04-24T14:09:32Z,"(2PN Duy nhất có Ban Công)Bán CC Mipec Rubik 360, 9 tỷ VND, 70m2, siêu hot!",N/A,9 tỷ,9 tỷ,N/A,N/A,N/A,N/A,70 m2,70 m2,Apartment,N/A,N/A,,VND,45467016,ok,https://batdongsan.com.vn/ban-can-ho-chung-cu-duong-xuan-thuy-phuong-dich-vong-hau-mipec-rubik-360/ban-cc-360-9-ty-vnd-70m2-2pn-2wc-sieu-hot-pr45467016
batdongsan.com.vn,2026-04-24T14:09:36Z,"2 phòng ngủ góc 75m2 hướng view đường Phạm Hùng, bán trong tháng 4 chỉ từ 10,8 tỷ",N/A,"10,8 tỷ","10,8 tỷ",N/A,N/A,N/A,N/A,75 m2,75 m2,Apartment,2,N/A,,VND,45492256,ok,https://batdongsan.com.vn/ban-can-ho-chung-cu-duong-pham-hung-phuong-dich-vong-hau-sun-feliza-suites/2-phong-ngu-goc-75m2-huong-view-uong-ban-trong-thang-4-chi-tu-10-8-ty-pr45492256
batdongsan.com.vn,2026-04-24T14:09:42Z,"Cần bán gấp sàn văn phòng Hancorp Plaza tiêu chuẩn B +, đa tiện ích",N/A,77 tỷ,77 tỷ,N/A,N/A,N/A,N/A,2 M2,2 M2,N/A,N/A,N/A,,VND,45537259,ok,https://batdongsan.com.vn/ban-loai-bat-dong-san-khac-duong-tran-dang-ninh-phuong-dich-vong-hancorp-plaza/can-ban-gap-van-phong-tieu-chuan-b-a-tien-ich-pr45537259
batdongsan.com.vn,2026-04-24T14:09:47Z,"Bán căn góc 2PN quỹ ngoại giao Sun Cầu Giấy cực vip, xem pháo hoa tại nhà, 75m2-nhận nhà với 3.3 tỷ",N/A,3.3 tỷ,3.3 tỷ,N/A,N/A,N/A,N/A,75 m2,75 m2,Apartment,N/A,2,,VND,45254952,ok,https://batdongsan.com.vn/ban-can-ho-chung-cu-duong-pham-hung-phuong-dich-vong-hau-sun-feliza-suites/ban-goc-2pn-cuc-ep-cau-giay-view-thanh-pho-ngam-phao-hoa-tai-nha-75m2-11-2-ty-pr45254952
batdongsan.com.vn,2026-04-24T14:09:51Z,Bán nhà 3 mặt ngõ phố Xuân Thủy - Vị trí đắc địa - Sẵn dòng tiền đang cho thuê,N/A,"24,9 tỷ","24,9 tỷ",N/A,N/A,N/A,N/A,2 M2,2 M2,Private house,N/A,N/A,,VND,45517136,ok,https://batdongsan.com.vn/ban-nha-rieng-duong-xuan-thuy-phuong-dich-vong-7/ban-3-mat-ngo-pho-vi-tri-ac-ia-san-dong-tien-ang-cho-thue-pr45517136
batdongsan.com.vn,2026-04-24T14:09:55Z,"Chủ nhà tin tưởng gửi bán căn hộ chung cư FLC 265 Cầu Giấy, sổ sẵn, có slot xe. LH 0818 340 ***",N/A,10 tỷ,10 tỷ,N/A,N/A,N/A,N/A,2 M2,2 M2,Apartment,2,N/A,,VND,45092079,ok,https://batdongsan.com.vn/ban-can-ho-chung-cu-duong-cau-giay-phuong-dich-vong-bamboo-airways-tower/chu-nha-tin-tuong-gui-ban-flc-265-so-san-co-slot-xe-lh-pr45092079
batdongsan.com.vn,2026-04-24T14:09:59Z,"Cực hot CHDV Nguyễn Ngọc Vũ Dt70tr/th,16 phòngkk,70m2*6t,mt 6m,full PCCC,TM,3 thoáng,ngõ sinh viên",N/A,14 tỷ,14 tỷ,N/A,N/A,N/A,N/A,70 m2,70 m2,Private house,N/A,N/A,,VND,45622860,ok,https://batdongsan.com.vn/ban-nha-rieng-pho-nguyen-ngoc-vu-phuong-trung-hoa-4-7/cuc-hot-chdv-dt70tr-th-16-phongkk-70m2-6t-mt-6m-full-pccc-tm-3-thoang-ngo-sinh-vien-pr45622860
batdongsan.com.vn,2026-04-24T14:10:04Z,Mặt đường kinh doanh -khu phân lô Xuân Thuỷ -Cầu Giấy 46m * 5 tầng-mặt tiền 4.6m -đường oto 16.5 tỷ,N/A,16.5 tỷ,16.5 tỷ,N/A,N/A,N/A,N/A,2 M2,2 M2,Townhouse,N/A,N/A,,VND,45622341,ok,https://batdongsan.com.vn/ban-nha-mat-pho-duong-xuan-thuy-phuong-nghia-do-1-7/uong-kinh-doanh-khu-phan-lo-cau-giay-46m-5-tang-tien-4-6m-uong-oto-16-5-ty-pr45622341
batdongsan.com.vn,2026-04-24T14:10:08Z,"Cần bán nhà phố Mai dịch Cầu giấy 54.6 m2, ô tô vào nhà, kinh doanh văn phòng nhỉnh 14 tỷ",N/A,14 tỷ,14 tỷ,N/A,N/A,N/A,N/A,54.6 m2,54.6 m2,Private house,N/A,N/A,,VND,45621658,ok,https://batdongsan.com.vn/ban-nha-rieng-pho-mai-dich-phuong-mai-dich-7/can-ban-cau-giay-54-6-m2-o-to-vao-kinh-doanh-van-phong-nhinh-14-ty-pr45621658
batdongsan.com.vn,2026-04-24T14:10:13Z,"Bán NR đẹp, 49,5 tỷ, 90m2, 8 tầng tại nguyễn Thị định ,Yên Hòa, Cầu Giấy, Hà Nội - hàng hiếm",N/A,"49,5 tỷ","49,5 tỷ",N/A,N/A,N/A,N/A,90 m2,90 m2,Private house,N/A,N/A,,VND,45620330,ok,https://batdongsan.com.vn/ban-nha-rieng-phuong-yen-hoa-2/ban-nr-ep-49-5-ty-90m2-8-tang-tai-nguyen-thi-inh-cau-giay-ha-noi-hang-hiem-pr45620330
batdongsan.com.vn,2026-04-24T14:10:17Z,Thăng Long N01. Căn 108m2 - 8.65 tỷ/ căn 112m2 - 8.95 tỷ/ căn 117m2 - 9.55 tỷ/ căn 162m2 - 12.95 tỷ,N/A,8.65 tỷ,8.65 tỷ,N/A,N/A,N/A,N/A,108 m2,108 m2,Apartment,N/A,N/A,,VND,45619524,ok,https://batdongsan.com.vn/ban-can-ho-chung-cu-phuong-trung-hoa-4-thang-long-number-one/n01-108m2-8-65-ty-112m2-8-95-ty-117m2-9-55-ty-162m2-12-95-ty-pr45619524
batdongsan.com.vn,2026-04-24T14:10:22Z,"Căn góc 2PN giá 10,8 tỷ, diện tích 75,3m2, tầng cao, view ngã tư Phạm Hùng, toà Sun Feliza Cầu Giấy",N/A,"10,8 tỷ","10,8 tỷ",N/A,N/A,N/A,N/A,"75,3 m2","75,3 m2",Apartment,N/A,N/A,,VND,45418026,ok,https://batdongsan.com.vn/ban-can-ho-chung-cu-duong-xuan-thuy-phuong-dich-vong-hau-sun-feliza-suites/goc-2pn-gia-11-1-ty-dien-tich-75-3m2-tang-cao-view-nga-tu-pham-hung-toa-cau-giay-pr45418026
batdongsan.com.vn,2026-04-24T14:10:27Z,"Căn 1PN+ giá 8,7 tỷ, diện tích 54m2, tầng trung, view tiện ích nội khu, toà Sun Feliza Cầu Giấy",N/A,"8,7 tỷ","8,7 tỷ",N/A,N/A,N/A,N/A,54 m2,54 m2,Apartment,N/A,N/A,,VND,45418057,ok,https://batdongsan.com.vn/ban-can-ho-chung-cu-duong-xuan-thuy-phuong-dich-vong-hau-sun-feliza-suites/1pn-gia-8-7-ty-dien-tich-54m2-tang-trung-view-tien-ich-noi-khu-toa-cau-giay-pr45418057
batdongsan.com.vn,2026-04-24T14:10:32Z,"Chính chủ cần bán căn Nam Trung Yên 2 ngủ, 2 vs full nội thất giá: 4,5 tỷ",N/A,"4,5 tỷ","4,5 tỷ",N/A,N/A,N/A,N/A,2 M2,2 M2,Apartment,02,N/A,,VND,45617977,ok,https://batdongsan.com.vn/ban-can-ho-chung-cu-duong-pham-hung-phuong-trung-hoa-4-khu-do-thi-nam-trung-yen/chinh-chu-ban-2-ngu-2-vs-full-noi-that-gia-4-5-ty-pr45617977
batdongsan.com.vn,2026-04-24T14:10:36Z,Chuyên khu Cầu Giấy cập nhật quỹ căn hộ 2PN - 3PN - 4PN tại dự án - IPH Xuân Thuỷ - Cầu Giấy,N/A,18 tỷ,18 tỷ,N/A,N/A,N/A,N/A,2 M2,2 M2,Apartment,N/A,N/A,,VND,45430118,ok,https://batdongsan.com.vn/ban-can-ho-chung-cu-duong-xuan-thuy-phuong-dich-vong-hau-indochina-plaza-hanoi/chuyen-khu-cau-giay-cap-nhat-quy-2pn-3pn-4pn-tai-du-an-iph-cau-giay-pr45430118
batdongsan.com.vn,2026-04-24T14:10:41Z,189 Tỷ Toà Khách Sạn 3 Sao Mặt Phố Trần Thái Tông 190m2 x 11T x mt 30m Lô Góc 2 Mặt Tiền Siêu Vip,N/A,189 Tỷ,189 Tỷ,N/A,N/A,N/A,N/A,190 m2,190 m2,Townhouse,N/A,N/A,,VND,45604641,ok,https://batdongsan.com.vn/ban-nha-mat-pho-duong-tran-thai-tong-phuong-dich-vong-hau-7/189-ty-toa-khach-san-3-sao-190m2-x-11t-x-mt-30m-lo-goc-2-tien-sieu-vip-pr45604641
batdongsan.com.vn,2026-04-24T14:10:46Z,"CHỈ 9,32 TỶ CÓ NGAY NHÀ MẶT PHỐ CẦU GIẤY, MỎ VÀNG KINH DOANH",N/A,"9,32 TỶ","9,32 TỶ",N/A,Hoa 7,N/A,N/A,"21,5 m²","21,5 m²",Townhouse,N/A,N/A,,VND,45459864,ok,https://batdongsan.com.vn/ban-nha-mat-pho-duong-cau-giay-phuong-quan-hoa-7/chi-10-2-ty-co-ngay-mo-vang-kinh-doanh-pr45459864
batdongsan.com.vn,2026-04-24T14:10:50Z,"BQL tòa nhà mở bán quỹ căn 2N-3N-4N chung cư Indochina Plaza Hà Nội, cập nhật mới nhất (01/2025)",N/A,"13,2 tỷ","13,2 tỷ",N/A,N/A,N/A,N/A,2 M2,2 M2,Apartment,N/A,N/A,,VND,45161181,ok,https://batdongsan.com.vn/ban-can-ho-chung-cu-duong-xuan-thuy-phuong-dich-vong-hau-indochina-plaza-hanoi/bql-toa-nha-mo-ban-quy-2n-3n-4n-ha-noi-cap-nhat-moi-nhat-01-2025-pr45161181
batdongsan.com.vn,2026-04-24T14:10:55Z,BÁN NHÀ MẶT PHỐ (2 mặt tiền) CẦU GIẤY- Diện tích thực 200m2 - diện tích sổ 161m2,N/A,110 tỷ,110 tỷ,N/A,Hoa 7,N/A,N/A,200 m2,200 m2,Townhouse,N/A,6,,VND,45615548,ok,https://batdongsan.com.vn/ban-nha-mat-pho-duong-cau-giay-phuong-quan-hoa-7/ban-2-tien-dien-tich-thuc-200m2-dien-tich-so-161m2-pr45615548
batdongsan.com.vn,2026-04-24T14:10:59Z,"Mới. Căn hộ 2PN 2WC tại The Park Home, diện tích 80,36m2. (Giá 8 tỷ) có slot ô tô LH: 0704 151 ***",N/A,8 tỷ,8 tỷ,N/A,N/A,N/A,N/A,"80,36 m2","80,36 m2",Apartment,2,2,,VND,45449505,ok,https://batdongsan.com.vn/ban-can-ho-chung-cu-duong-thanh-thai-phuong-dich-vong-the-park-home/em-hung-ban-nhanh-2pn-2wc-tai-dien-tich-80-36m2-gia-9-ty-co-slot-o-to-pr45449505
batdongsan.com.vn,2026-04-24T14:11:03Z,"THE PARK HOME 2PN FULL NỘI THẤT 81M CHỈ 8.6 TỶ, NHÀ ĐẸP Ở NGAY",N/A,8.6 TỶ,8.6 TỶ,N/A,N/A,N/A,N/A,2 M2,2 M2,Apartment,2,N/A,,VND,45615136,ok,https://batdongsan.com.vn/ban-can-ho-chung-cu-duong-thanh-thai-phuong-dich-vong-the-park-home/2pn-full-noi-that-81m-chi-8-6-ty-nha-ep-o-ngay-pr45615136
batdongsan.com.vn,2026-04-24T14:11:08Z,"Bán gấp căn Studio full đồ đẹp cực hiếm tại tòa C5 dự án D'Capitale TDH giá công khai 3,x tỷ",N/A,"3,8 tỷ","3,8 tỷ",N/A,N/A,N/A,N/A,2 M2,2 M2,Apartment,N/A,1,,VND,41347222,ok,https://batdongsan.com.vn/ban-can-ho-chung-cu-duong-tran-duy-hung-phuong-trung-hoa-4-vinhomes-d-capitale/ban-gap-studio-full-do-dep-cuc-hiem-tai-toa-c5-du-an-dcapital-tdh-gia-cong-khai-2-7-ty-pr41347222
batdongsan.com.vn,2026-04-24T14:11:12Z,13 TỶ!!! CĂN GÓC 130M2 SKYPARK - BAO RẺ ĐẸP KO CÓ CĂN THỨ 2. LH: 0972 433 ***,N/A,13 TỶ,13 TỶ,N/A,N/A,N/A,N/A,130 M2,130 M2,Apartment,N/A,N/A,,VND,45459217,ok,https://batdongsan.com.vn/ban-can-ho-chung-cu-duong-ton-that-thuyet-phuong-dich-vong-hau-sky-park-residence/quy-ban-ep-gia-tot-skypark-3pn-128-133m2-15-ty-2pn-71-80m2-9-ty-63m2-7-ty-lh-pr45459217
batdongsan.com.vn,2026-04-24T14:11:17Z,CHỦ NHÀ CẦN BÁN NHANH CĂN 2PN 77.M TẦNG CAO VIEW THOÁNG TẠI MIPEC NHỈNH 9 TỶ,N/A,9 TỶ,9 TỶ,N/A,N/A,N/A,N/A,2 M2,2 M2,Apartment,N/A,N/A,,VND,45540813,ok,https://batdongsan.com.vn/ban-can-ho-chung-cu-duong-xuan-thuy-phuong-dich-vong-hau-mipec-rubik-360/chu-nha-ban-nhanh-77-m-tang-cao-view-thoang-tai-ung-10ty-khong-phat-sinh-them-gi-pr45540813
batdongsan.com.vn,2026-04-24T14:11:22Z,"Quỹ căn bán tháng 4 - 2026, đa dạng loại hình từ 2PN - 3PN - 4PN tại The Nine, Em Đức: 0387 896 ***",N/A,16 tỷ,16 tỷ,N/A,N/A,N/A,N/A,2 M2,2 M2,Apartment,2,2,,VND,45180017,ok,https://batdongsan.com.vn/ban-can-ho-chung-cu-duong-pham-van-dong-phuong-mai-dich-chung-cu-the-nine/quy-ban-thang-2-2026-a-dang-loai-hinh-tu-2pn-3pn-4pn-tai-em-uc-038-789-6222-pr45180017
batdongsan.com.vn,2026-04-24T14:11:26Z,"Căn hộ chính chủ bán gấp tại N06 B1, Dịch Vọng, 7 tỷ VND, 66 m2",N/A,7 tỷ,7 tỷ,N/A,N/A,N/A,N/A,66 m2,66 m2,Apartment,2,2,,VND,45596455,ok,https://batdongsan.com.vn/ban-can-ho-chung-cu-duong-thanh-thai-phuong-dich-vong-khu-do-thi-moi-dich-vong/chinh-chu-ban-gap-tai-n06-b1-7-ty-vnd-66-m2-pr45596455
batdongsan.com.vn,2026-04-24T14:11:31Z,BQL: Bán căn CC N04 Hoàng Đạo Thuý từ 2 - 3PN; 90m2 - 134m2 - 155m2 - 380m2 giá rẻ - 0904 897 ***,N/A,100 triệu,100 triệu,N/A,N/A,N/A,N/A,90 m2,90 m2,Apartment,N/A,2,,VND,45375472,ok,https://batdongsan.com.vn/ban-can-ho-chung-cu-pho-hoang-dao-thuy-phuong-trung-hoa-4-n04-kdt-dong-nam-tran-duy-hung/chinh-chu-ban-cc-ao-128m2-gia-re-pr45375472
batdongsan.com.vn,2026-04-24T14:11:35Z,Cần bán gấp nhà ngõ 83 Phố Nguyễn Khang 45m2 x 2 thoáng ngõ rộng thông thoáng giá 13.9 tỷ.,N/A,13.9 tỷ,13.9 tỷ,N/A,N/A,N/A,N/A,45 m2,45 m2,Private house,N/A,N/A,,VND,45554168,ok,https://batdongsan.com.vn/ban-nha-rieng-duong-nguyen-khang-phuong-yen-hoa-2-7/can-ban-gap-ngo-83-pho-45m2-x-2-thoang-ngo-rong-thong-thoang-gia-13-9-ty-pr45554168
batdongsan.com.vn,2026-04-24T14:11:40Z,SUN FELIZA SUITES CẦU GIẤY - CHUẨN SỐNG 6 SAO GIỮA TRUNG TÂM - 3PN+ 102m2 - Sở hữu lâu dài,N/A,"16,5 tỷ","16,5 tỷ",N/A,N/A,N/A,N/A,102 m2,102 m2,Apartment,N/A,N/A,,VND,45611220,ok,https://batdongsan.com.vn/ban-can-ho-chung-cu-duong-pham-hung-phuong-dich-vong-hau-sun-feliza-suites/cau-giay-chuan-song-6-sao-giua-trung-tam-3pn-102m2-so-huu-lau-dai-pr45611220
batdongsan.com.vn,2026-04-24T14:11:44Z,"Cập nhật quỹ căn 1N - 2N - 3N, giá tốt nhất Sky Park",N/A,"13,5 tỷ","13,5 tỷ",N/A,N/A,N/A,N/A,2 M2,2 M2,Apartment,N/A,N/A,,VND,45365101,ok,https://batdongsan.com.vn/ban-can-ho-chung-cu-duong-ton-that-thuyet-phuong-dich-vong-hau-sky-park-residence/cap-nhat-quy-1n-2n-3n-gia-tot-nhat-park-pr45365101
batdongsan.com.vn,2026-04-24T14:11:49Z,Cần bán nhanh căn hoa hậu 3N2W Thăng Long Number one giá tốt full nội thất căn góc 2 mặt thoáng,N/A,100 triệu,100 triệu,N/A,N/A,N/A,N/A,2 M2,2 M2,Apartment,3,2,,VND,45610634,ok,https://batdongsan.com.vn/ban-can-ho-chung-cu-phuong-trung-hoa-4-thang-long-number-one/ban-nhanh-hau-3n2w-gia-tot-full-noi-that-goc-2-mat-thoang-pr45610634
batdongsan.com.vn,2026-04-24T14:11:53Z,Bán căn hộ cao cấp diện tích lớn 116m2 3PN giá tốt,N/A,"10,3 tỷ","10,3 tỷ",N/A,N/A,N/A,N/A,116 m2,116 m2,Apartment,3,N/A,,VND,45610415,ok,https://batdongsan.com.vn/ban-can-ho-chung-cu-pho-hoang-dao-thuy-phuong-trung-hoa-4-khu-do-thi-trung-hoa-nhan-chinh/ban-cao-cap-dien-tich-lon-116m-3pn-gia-tot-pr45610415
batdongsan.com.vn,2026-04-24T14:11:57Z,"Cần bán gấp căn 3 ngủ chung cư The Nine Phạm Văn Đồng, giá 11,7 tỷ",N/A,"11,7 tỷ","11,7 tỷ",N/A,N/A,N/A,N/A,2 M2,2 M2,Apartment,N/A,N/A,,VND,44653700,ok,https://batdongsan.com.vn/ban-can-ho-chung-cu-duong-pham-van-dong-phuong-mai-dich-chung-cu-the-nine/chinh-chu-thien-chi-gui-ban-3-ngu-gia-12-ty-pr44653700
batdongsan.com.vn,2026-04-24T14:12:02Z,Bán Nhà- Cầu Giấy- 39m2 x 5 Tầng- lô góc 3 thoáng ' ô tô đậu cửa ' mặt ngõ kinh doanh ' gần phố.,N/A,"9,3 tỷ","9,3 tỷ",N/A,N/A,N/A,N/A,39 m2,39 m2,Private house,N/A,N/A,,VND,45601724,ok,https://batdongsan.com.vn/ban-nha-rieng-phuong-mai-dich/ban-cau-giay-39m2-x-5-tang-lo-goc-3-thoang-o-to-au-cua-mat-ngo-kinh-doanh-gan-pho-pr45601724
batdongsan.com.vn,2026-04-24T14:12:06Z,"Chính chủ gửi bán căn hộ 2PN 71.5m2 tại dự án SkyPark Residence giá chỉ từ 9.X tỷ, view thoáng sáng",N/A,7.2 tỷ,7.2 tỷ,N/A,N/A,N/A,N/A,71.5 m2,71.5 m2,Apartment,N/A,N/A,,VND,45470381,ok,https://batdongsan.com.vn/ban-can-ho-chung-cu-duong-ton-that-thuyet-phuong-dich-vong-hau-sky-park-residence/chinh-chu-gui-ban-2pn-71-5m2-tai-du-an-skypark-gia-chi-tu-9-x-ty-view-thoang-sang-pr45470381
batdongsan.com.vn,2026-04-24T14:12:10Z,Chính chủ cần bán căn Studio nhỏ xinh giá hạt dẻ cực hiếm,N/A,4 tỷ,4 tỷ,N/A,N/A,N/A,N/A,2 M2,2 M2,Apartment,N/A,N/A,,VND,45607806,ok,https://batdongsan.com.vn/ban-can-ho-chung-cu-duong-tran-duy-hung-phuong-trung-hoa-4-vinhomes-d-capitale/chinh-chu-ban-studio-nho-xinh-gia-hat-de-cuc-hiem-pr45607806
batdongsan.com.vn,2026-04-24T14:12:15Z,"Bán căn hộ 2PN tại Central Field Trung Kính, giá 6.3 ban công Đông Nam,sổ đỏ lâu dài LH: 0704 151 ***",N/A,"6,3 tỷ","6,3 tỷ",N/A,N/A,N/A,N/A,2 M2,2 M2,Apartment,2,N/A,,VND,45606131,ok,https://batdongsan.com.vn/ban-can-ho-chung-cu-pho-trung-kinh-phuong-yen-hoa-2-central-field-trung-kinh/ban-2pn-tai-gia-6-3-ban-cong-ong-nam-so-o-lau-dai-lh-pr45606131
batdongsan.com.vn,2026-04-24T14:12:19Z,"Bán căn hộ 3 ngủ, hơn 11 tỷ The Nine, 92 m2, gồm 3 ngủ 2wc (nội thất full mới xịn) sẵn sổ đỏ",N/A,11 tỷ,11 tỷ,N/A,N/A,N/A,N/A,92 m2,92 m2,Apartment,N/A,2,,VND,45544020,ok,https://batdongsan.com.vn/ban-can-ho-chung-cu-duong-pham-van-dong-phuong-mai-dich-chung-cu-the-nine/ban-3-ngu-hon-11-ty-92-m2-gom-3-ngu-2wc-noi-that-full-moi-sin-san-so-o-pr45544020
batdongsan.com.vn,2026-04-24T14:12:23Z,CHỦ NHÀ CẦN BÁN GẤP CĂN HỘ 130m2 VIEW LÃ VỌNG THÁP B Ở MANDARIN. GIÁ BÁN 132 triệu/m2 CÓ THỎA THUẬN,N/A,132 triệu,132 triệu,N/A,N/A,N/A,N/A,130 m2,130 m2,Apartment,N/A,N/A,,VND,45605588,ok,https://batdongsan.com.vn/ban-can-ho-chung-cu-duong-hoang-minh-giam-phuong-trung-hoa-4-mandarin-garden/chu-nha-ban-gap-130m2-view-la-vong-thap-b-o-gia-ban-132-trieu-m2-co-thoa-thuan-pr45605588
batdongsan.com.vn,2026-04-24T14:12:28Z,"Siêu phẩm DT 70tr/th, toà CCMN Trần Duy Hưng 72m2*6t,MT 6m,16 phòng kk,full PCCC,TM,2 thoáng,",N/A,13 tỷ,13 tỷ,N/A,N/A,N/A,N/A,72 m2,72 m2,Private house,N/A,N/A,,VND,45604902,ok,https://batdongsan.com.vn/ban-nha-rieng-duong-tran-duy-hung-phuong-yen-hoa-2-7/sieu-pham-dt-70tr-th-toa-ccmn-72m2-6t-mt-6m-16-phong-kk-full-pccc-tm-2-thoang-pr45604902
batdongsan.com.vn,2026-04-24T14:12:33Z,"Tòa dòng tiền Cầu Giấy, 25P*83m*8T, DT 120tr/th 40m ra phố, thang máy, 3 thoáng, trước nhà 3m, PCCC",N/A,"16,3 tỷ","16,3 tỷ",N/A,N/A,N/A,N/A,2 M2,2 M2,Private house,N/A,N/A,,VND,45604896,ok,https://batdongsan.com.vn/ban-nha-rieng-duong-cau-giay-phuong-dich-vong-7/toa-dong-tien-25p-83m-8t-dt-120tr-th-40m-ra-pho-thang-may-3-thoang-truoc-3m-pccc-pr45604896
batdongsan.com.vn,2026-04-24T14:12:37Z,"Bán Nhà Cầu Giấy - 85m2 - 8 Tầng thang máy, Ô tô tránh, vỉa hè - Gần công viên, ở và kinh doanh tốt",N/A,43 tỷ,43 tỷ,N/A,N/A,N/A,N/A,85 m2,85 m2,Private house,N/A,N/A,,VND,45604520,ok,https://batdongsan.com.vn/ban-nha-rieng-pho-trung-kinh-phuong-yen-hoa-2-7/ban-cau-giay-85m2-8-tang-thang-may-o-to-tranh-via-he-gan-cong-vien-o-va-doanh-tot-pr45604520
batdongsan.com.vn,2026-04-24T14:12:42Z,"Bán nhà Nghĩa Tân, Nghĩa Đô mặt tiền 4.7m diện tích 77.1m² giá 43 tỷ",N/A,43 tỷ,43 tỷ,N/A,N/A,N/A,N/A,77.1 m²,77.1 m²,Townhouse,N/A,N/A,,VND,45603346,ok,https://batdongsan.com.vn/ban-nha-mat-pho-pho-nghia-tan-phuong-nghia-tan-3-7/ban-tien-4-7m-dien-tich-77-1m-gia-43-ty-pr45603346
batdongsan.com.vn,2026-04-24T14:12:45Z,PHÂN LÔ VIP TRẦN DUY HƯNG- 7 TẦNG- THANG MÁY-65M2-GARA Ô TÔ -KINH DOANH VP- 31 TỶ,N/A,31 TỶ,31 TỶ,N/A,N/A,N/A,N/A,65 M2,65 M2,Private house,1,N/A,,VND,45603292,ok,https://batdongsan.com.vn/ban-nha-rieng-duong-tran-duy-hung-phuong-trung-hoa-4-7/phan-lo-vip-7-tang-thang-may-65m2-gara-o-to-kinh-doanh-vp-31-ty-pr45603292
batdongsan.com.vn,2026-04-24T14:12:52Z,DUY NHẤT ! BÁN NHÀ MẶT PHỐ TRẦN THÁI TÔNG - 7T THANG MÁY- MT 6.5M- KINH DOANH SẦM UẤT- GIÁ BÁN 5X,N/A,"52,5 tỷ","52,5 tỷ",N/A,N/A,N/A,N/A,2 M2,2 M2,Townhouse,N/A,N/A,,VND,45602982,ok,https://batdongsan.com.vn/ban-nha-mat-pho-duong-tran-thai-tong-phuong-dich-vong-hau-7/duy-nhat-ban-7t-thang-may-mt-6-5m-kinh-doanh-sam-uat-gia-ban-5x-pr45602982
batdongsan.com.vn,2026-04-24T14:12:56Z,The Park Home (1221m2 3 ngủ giá 13 tỷ) (133m2 - 3PN giá 15 tỷ) (154m2 4 ngủ 4wc giá 17 tỷ),N/A,13 tỷ,13 tỷ,N/A,N/A,N/A,N/A,1221 m2,1221 m2,Apartment,N/A,4,,VND,40689932,ok,https://batdongsan.com.vn/ban-can-ho-chung-cu-duong-thanh-thai-phuong-dich-vong-the-park-home/quy-gia-tot-du-an-134m2-4pn-gia-8ty-pr40689932
batdongsan.com.vn,2026-04-24T14:13:01Z,"370 Tỷ Toà Văn Phòng Phố Duy Tân, Cầu Giấy 620m2 x 8T x mt 21m Thông Sàn 2 Thang Máy, 800tr/1 Thang",N/A,370 Tỷ,370 Tỷ,N/A,N/A,N/A,N/A,620 m2,620 m2,Townhouse,N/A,N/A,,VND,45601889,ok,https://batdongsan.com.vn/ban-nha-mat-pho-duong-duy-tan-phuong-dich-vong-hau-7/370-ty-toa-van-phong-cau-giay-620m2-x-8t-x-mt-21m-thong-san-2-thang-may-800tr-1-thang-pr45601889
batdongsan.com.vn,2026-04-24T14:13:06Z,Bán nhà mặt phố Nguyễn Ngọc Vũ 57m2 có vỉa hè ô tô tránh giá 27.8 tỷ có Thương lượng 0972 879 ***,N/A,27.8 tỷ,27.8 tỷ,N/A,N/A,N/A,N/A,57 m2,57 m2,Townhouse,N/A,N/A,,VND,45601288,ok,https://batdongsan.com.vn/ban-nha-mat-pho-pho-nguyen-ngoc-vu-phuong-yen-hoa-2-7/ban-57m2-co-via-he-o-to-tranh-gia-27-8-ty-co-thuong-luong-pr45601288
batdongsan.com.vn,2026-04-24T14:13:10Z,"Đắt khách! Nguyễn Khang, ngõ thông kinh doanh tốt, mặt tiền rộng, sổ vuông đẹp, 4 ngủ, 45m2, 5T",N/A,9 tỷ,9 tỷ,N/A,N/A,N/A,N/A,45 m2,45 m2,Private house,N/A,N/A,,VND,45599495,ok,https://batdongsan.com.vn/ban-nha-rieng-duong-nguyen-khang-phuong-yen-hoa-2-7/at-khach-ngo-thong-kinh-doanh-tot-mat-tien-rong-so-vuong-ep-4-ngu-45m2-5t-pr45599495
batdongsan.com.vn,2026-04-24T14:13:14Z,Cần thanh lý quỹ căn 122m2 - 151m2 - 181m2 - 275m2 20 tỷ 17T 18T 24T 34T N04 N05 khu đô thị THNC,N/A,20 tỷ,20 tỷ,N/A,N/A,N/A,N/A,122 m2,122 m2,Apartment,N/A,N/A,,VND,37722647,ok,https://batdongsan.com.vn/ban-can-ho-chung-cu-pho-hoang-dao-thuy-phuong-trung-hoa-4-khu-do-thi-trung-hoa-nhan-chinh/thanh-ly-quy-ngoai-giao-n04-n05-17t-18t-24t-34t-diamond-thnc-mua-ban-truc-tiep-pr37722647
batdongsan.com.vn,2026-04-24T14:13:18Z,"Bán căn hộ Sky Park 3PN 128m², giá 13.5 tỷ, căn rộng đẹp",N/A,13.5 tỷ,13.5 tỷ,N/A,N/A,N/A,N/A,128 m²,128 m²,Apartment,3,N/A,,VND,45598990,ok,https://batdongsan.com.vn/ban-can-ho-chung-cu-duong-ton-that-thuyet-phuong-dich-vong-hau-sky-park-residence/ban-3pn-128m-gia-13-5-ty-rong-ep-pr45598990
batdongsan.com.vn,2026-04-24T14:13:22Z,"Bán căn hộ tầng trung dt 76m2,2 ngủ bàn giao full nt tại Center Point 110 Cầu Giấy. SĐCC, giá 8,2tỷ",N/A,"8,2 tỷ","8,2 tỷ",N/A,Hoa Cau Giay Center Point,N/A,N/A,76 m2,76 m2,Apartment,2,N/A,,VND,45435433,ok,https://batdongsan.com.vn/ban-can-ho-chung-cu-duong-cau-giay-phuong-quan-hoa-cau-giay-center-point/ban-tang-trung-dt76m2-2-ngu-ban-giao-full-nt-tai-110-s-cc-gia-8-4ty-pr45435433
batdongsan.com.vn,2026-04-24T14:13:26Z,Em chính chủ bán căn 1702 toà B full đồ view thoáng tại Skypark số 3 Tôn Thất Thuyết giá hơn 10 tỷ,N/A,10 tỷ,10 tỷ,N/A,N/A,N/A,N/A,2 M2,2 M2,Apartment,N/A,N/A,,VND,45416703,ok,https://batdongsan.com.vn/ban-can-ho-chung-cu-duong-ton-that-thuyet-phuong-dich-vong-hau-sky-park-residence/ban-2n-1-full-o-tang-trung-view-thoang-tai-skypark-gia-hon-10-ty-pr45416703
batdongsan.com.vn,2026-04-24T14:13:30Z,"Bán căn góc hướng mát siêu rộng 125.4m2 tại FLC 265 Cầu Giấy chỉ 12 tỷ, quá rẻ cho 1 dự án đẹp",N/A,12 tỷ,12 tỷ,N/A,N/A,N/A,N/A,125.4 m2,125.4 m2,Apartment,N/A,N/A,,VND,45598072,ok,https://batdongsan.com.vn/ban-can-ho-chung-cu-duong-cau-giay-phuong-dich-vong-bamboo-airways-tower/ban-goc-huong-mat-sieu-rong-125-4m-tai-flc-265-chi-12-ty-qua-re-cho-1-du-an-ep-pr45598072
batdongsan.com.vn,2026-04-24T14:13:34Z,Hot! Cập nhật mới nhất căn hộ Sky Park Residence Cầu Giấy chỉ từ 7.3 tỷ. Giá tốt nhất thị trường,N/A,7.3 tỷ,7.3 tỷ,N/A,N/A,N/A,N/A,2 M2,2 M2,Apartment,3,2,,VND,44550126,ok,https://batdongsan.com.vn/ban-can-ho-chung-cu-duong-ton-that-thuyet-phuong-dich-vong-hau-sky-park-residence/hot-ban-1-2-3-phong-ngu-cau-giay-gia-chi-tu-7-8-ty-pr44550126
batdongsan.com.vn,2026-04-24T14:13:39Z,Bán nhà 110m2 ngõ 238 Hoàng Quốc Việt phân lô ô tô 2 mặt thoáng giá 29.9 tỷ,N/A,29.9 tỷ,29.9 tỷ,N/A,N/A,N/A,N/A,110 m2,110 m2,Private house,N/A,N/A,,VND,45541819,ok,https://batdongsan.com.vn/ban-nha-rieng-duong-hoang-quoc-viet-phuong-nghia-do-1-7/ban-110m2-ngo-238-phan-lo-o-to-2-mat-thoang-gia-29-9-ty-pr45541819
batdongsan.com.vn,2026-04-24T14:13:42Z,"Cần bán gấp nhà ngõ 193 Phố Trung Kính phân lô 2 ô tô tránh, nhà 2 mặt thoáng giá 29.9 tỷ.",N/A,29.9 tỷ,29.9 tỷ,N/A,N/A,N/A,N/A,112 m²,112 m²,Private house,N/A,N/A,,VND,45541667,ok,https://batdongsan.com.vn/ban-nha-rieng-pho-trung-kinh-phuong-yen-hoa-2-7/can-ban-gap-phan-lo-2-o-to-tranh-2-mat-thoang-ngo-193-gia-29-9-ty-pr45541667
batdongsan.com.vn,2026-04-24T14:13:47Z,Cần bán gấp nhà mặt phố Nghĩa Tân 81m2 x 2 thoáng vỉa hè rộng kinh doanh sầm uất giá 41 tỷ.,N/A,41 tỷ,41 tỷ,N/A,N/A,N/A,N/A,81 m2,81 m2,Townhouse,N/A,N/A,,VND,45542038,ok,https://batdongsan.com.vn/ban-nha-mat-pho-pho-nghia-tan-phuong-nghia-do-1-7/can-ban-gap-81m2-x-2-thoang-via-he-rong-kinh-doanh-sam-uat-gia-41-ty-pr45542038
batdongsan.com.vn,2026-04-24T14:13:50Z,Chính chủ cần bán nhanh căn hộ tại Sky Park Residence Cầu Giấy,N/A,"10,6 tỷ","10,6 tỷ",N/A,N/A,N/A,N/A,2 M2,2 M2,Apartment,N/A,N/A,,VND,45594151,ok,https://batdongsan.com.vn/ban-can-ho-chung-cu-duong-ton-that-thuyet-phuong-dich-vong-hau-sky-park-residence/chinh-chu-ban-nhanh-tai-cau-giay-pr45594151
batdongsan.com.vn,2026-04-24T14:13:54Z,"Bán nhanh CC view đẹp tại Yên Hòa, 6,95 tỷ, 110m2, 3PN, 2WC,full nội thất, thang máy",N/A,"6,95 tỷ","6,95 tỷ",N/A,N/A,N/A,N/A,110 m2,110 m2,Apartment,N/A,2,,VND,45593140,ok,https://batdongsan.com.vn/ban-can-ho-chung-cu-duong-tran-kim-xuyen-phuong-yen-hoa-2-khu-do-thi-yen-hoa/chinh-chu-ban-nhanh-inh-nghe-120m2-san-vuon-3pn-2wc-full-noi-that-thang-may-pr45593140
batdongsan.com.vn,2026-04-24T14:13:59Z,NHÀ PHÂN LÔ HOÀNG QUỐC VIỆT-55M2-GARA 7 CHỖ-THANG MÁY-NGÕ 8M- 100M RA PHỐ,N/A,"18,5 tỷ","18,5 tỷ",N/A,N/A,N/A,N/A,55 M2,55 M2,Private house,N/A,N/A,,VND,45592389,ok,https://batdongsan.com.vn/ban-nha-rieng-duong-hoang-quoc-viet-phuong-nghia-tan-3-7/phan-lo-55m2-gara-7-cho-thang-may-ngo-8m-100m-ra-pho-pr45592389
